Type,Name,Request Count,Failure Count,Median Response Time,Average Response Time,Min Response Time,Max Response Time,Average Content Size,Requests/s,Failures/s,50%,66%,75%,80%,90%,95%,98%,99%,99.9%,99.99%,100%
POST,/api/v1/auth/login,58,0,390,422.5065000002736,287.9568000062136,769.382599995879,554.5,0.6413037972931983,0.0,390,450,510,530,640,750,760,770,770,770,770
POST,/api/v1/auth/register,29,0,540,535.3922758618739,376.91159999667434,795.1573000027565,119.0,0.32065189864659915,0.0,540,560,560,670,720,760,800,800,800,800,800
GET,/api/v1/products/search?q=LOAD&page_size=5,814,0,130,174.6894479115516,5.025000005844049,1361.293999994814,295.96928746928745,9.00036708614937,0.0,130,200,250,270,360,430,700,880,1400,1400,1400
POST,cart:add,809,0,250,289.37296118662516,32.65990000363672,1598.194299993338,73.0,8.945082276037887,0.0,250,340,390,410,530,600,1100,1200,1600,1600,1600
GET,catalog:detail,1326,0,160,183.9549980391636,5.423100003099535,1374.1926000002422,170.0,14.661531641565189,0.0,160,220,260,280,350,430,710,860,1400,1400,1400
GET,catalog:list,4135,0,150,183.769356227409,5.808199995954055,1417.6064999992377,1352.9093107617896,45.72053796219612,0.0,150,220,260,280,360,450,690,880,1400,1400,1400
GET,catalog:recs,1320,0,140,162.14029522730428,6.832899998698849,1290.2484000005643,53.0,14.59518986943141,0.0,140,200,240,260,320,370,450,620,790,1300,1300
GET,catalog:search,2772,0,160,185.50055122654038,5.134399994858541,1417.5478999968618,313.9891774891775,30.649898725805958,0.0,160,220,250,280,370,440,720,890,1400,1400,1400
POST,orders:checkout,804,0,500,578.2834296019721,36.48539999994682,3267.7006000012625,245.0,8.889797465926403,0.0,500,650,770,860,1100,1400,1900,2300,3300,3300,3300
GET,support:orders,431,5,340,360.3683529002889,12.695899997197557,1647.2934999983408,8625.52204176334,4.765550631609801,0.05528481011148261,340,430,470,520,620,730,1200,1300,1600,1600,1600
GET,support:queue,228,1,220,248.08205614030348,10.38449999759905,1241.650900003151,21.903508771929825,2.520987341083607,0.011056962022296522,220,290,330,370,490,610,990,1100,1200,1200,1200
,Aggregated,12726,6,170,222.0019148672221,5.025000005844049,3267.7006000012625,865.5665566556655,140.71089869574553,0.06634177213377913,170,240,290,320,440,610,910,1200,2100,3200,3300
